backbone,feature,dr,k,clf,accuracy_mean,accuracy_std,macro_f1_mean,macro_f1_std,n_folds,accuracy_mean±std,macro_f1_mean±std,k_num,cv_macro,cv_acc
mobilenet_v3_small,EplusT,lda,128,logreg,0.9945340003238006,0.0004198422456901,0.9933399128266364,0.0025424700407442,4,0.9945 ± 0.0004,0.9933 ± 0.0025,128,0.0025595166447171316,0.00042214971590009547
mobilenet_v3_small,EplusT,lda,267,logreg,0.9947357086150496,0.0012940334421129,0.992431985529578,0.0037415288397801,4,0.9947 ± 0.0013,0.9924 ± 0.0037,267,0.0037700607138128352,0.0013008816622389638
mobilenet_v3_small,EplusT,lda,64,logreg,0.993698144966035,0.0011995560607068,0.9917004481099256,0.0036206337941118,4,0.9937 ± 0.0012,0.9917 ± 0.0036,64,0.0036509349179065995,0.0012071634296414978
