fold,backbone,feature,dr,k,clf,accuracy,macro_f1
4,efficientnet_b0,EplusT,pca,256,linearsvc,0.9929639401934917,0.986470743187161
4,efficientnet_b0,EplusT,pca,256,logreg,0.9938434476693052,0.9899442183024274
4,efficientnet_b0,EplusT,pca,256,knn,0.9876868953386104,0.9787965008065164
