fold,backbone,feature,dr,k,clf,accuracy,macro_f1
4,efficientnet_b0,EplusT,rp,128,linearsvc,0.9868073878627969,0.9789097027902998
4,efficientnet_b0,EplusT,rp,128,logreg,0.9929639401934917,0.9858736619930649
4,efficientnet_b0,EplusT,rp,128,knn,0.9876868953386104,0.9769964837244538
