fold,backbone,feature,dr,k,clf,accuracy,macro_f1
4,resnet50,EplusT,lda,16,linearsvc,0.8346525945470537,0.7772987627190876
4,resnet50,EplusT,lda,16,logreg,0.940193491644679,0.9113230949464257
4,resnet50,EplusT,lda,16,knn,0.9472295514511874,0.9247712606091956
