fold,backbone,feature,dr,k,clf,accuracy,macro_f1
4,mobilenet_v3_small,EplusT,rp,128,linearsvc,0.9912049252418645,0.9893732878274097
4,mobilenet_v3_small,EplusT,rp,128,logreg,0.9938434476693052,0.99064770012046
4,mobilenet_v3_small,EplusT,rp,128,knn,0.9859278803869833,0.9690310762303738
