fold,backbone,feature,dr,k,clf,accuracy,macro_f1
4,resnet50,EplusT,rp,1,linearsvc,0.010554089709762533,0.0016893117591441685
4,resnet50,EplusT,rp,1,logreg,0.013192612137203167,0.008688163972404534
4,resnet50,EplusT,rp,1,knn,0.006156552330694811,9.049238790989306e-05
