fold,backbone,feature,dr,k,clf,accuracy,macro_f1
1,efficientnet_b0,EplusT,pca,16,linearsvc,0.930566037735849,0.9156237357054492
1,efficientnet_b0,EplusT,pca,16,logreg,0.9584905660377359,0.945095261911711
1,efficientnet_b0,EplusT,pca,16,knn,0.9539622641509434,0.9384856124393143
