fold,backbone,feature,dr,k,clf,accuracy,macro_f1
4,mobilenet_v3_small,EplusT,rp,64,linearsvc,0.9850483729111698,0.976631463387882
4,mobilenet_v3_small,EplusT,rp,64,logreg,0.9912049252418645,0.9881344776564801
4,mobilenet_v3_small,EplusT,rp,64,knn,0.9841688654353562,0.9761761096164845
