fold,backbone,feature,dr,k,clf,accuracy,macro_f1
1,efficientnet_b0,EplusT,pca,256,linearsvc,0.9894339622641509,0.9829837658195868
1,efficientnet_b0,EplusT,pca,256,logreg,0.9909433962264151,0.9830178113760202
1,efficientnet_b0,EplusT,pca,256,knn,0.9864150943396226,0.9764561138792921
