fold,backbone,feature,dr,k,clf,accuracy,macro_f1
4,mobilenet_v3_small,EplusT,rp,32,linearsvc,0.9648197009674582,0.947342642053492
4,mobilenet_v3_small,EplusT,rp,32,logreg,0.9762532981530343,0.9681257757328063
4,mobilenet_v3_small,EplusT,rp,32,knn,0.9736147757255936,0.9571863264374009
