fold,backbone,feature,dr,k,clf,accuracy,macro_f1
4,resnet50,EplusT,lda,64,linearsvc,0.9736147757255936,0.9594649830169214
4,resnet50,EplusT,lda,64,logreg,0.9876868953386104,0.9783631384608698
4,resnet50,EplusT,lda,64,knn,0.990325417766051,0.9867993775807647
