fold,backbone,feature,dr,k,clf,accuracy,macro_f1
2,efficientnet_b0,EplusT,pca,256,linearsvc,0.9921568627450981,0.9861983373177403
2,efficientnet_b0,EplusT,pca,256,logreg,0.9945098039215686,0.991042499286111
2,efficientnet_b0,EplusT,pca,256,knn,0.9819607843137255,0.9675254922621033
