fold,backbone,feature,dr,k,clf,accuracy,macro_f1
3,resnet50,EplusT,lda,1,linearsvc,0.025295109612141653,0.006070519219564221
3,resnet50,EplusT,lda,1,logreg,0.048903878583473864,0.024149978765159265
3,resnet50,EplusT,lda,1,knn,0.00927487352445194,0.0001591012285569307
