fold,backbone,feature,dr,k,clf,accuracy,macro_f1
1,mobilenet_v3_small,EplusT,lda,267,linearsvc,0.9916981132075472,0.9864926588807185
1,mobilenet_v3_small,EplusT,lda,267,logreg,0.9939622641509434,0.9895457776054791
1,mobilenet_v3_small,EplusT,lda,267,knn,0.9924528301886792,0.9873312011371713
