fold,backbone,feature,dr,k,clf,accuracy,macro_f1
1,efficientnet_b0,EplusT,lda,64,linearsvc,0.9788679245283018,0.9684583563786813
1,efficientnet_b0,EplusT,lda,64,logreg,0.9894339622641509,0.9879488557329582
1,efficientnet_b0,EplusT,lda,64,knn,0.9879245283018868,0.9826023540196064
