fold,backbone,feature,dr,k,clf,accuracy,macro_f1
2,mobilenet_v3_small,EplusT,pca,128,linearsvc,0.9874509803921568,0.9779339003109856
2,mobilenet_v3_small,EplusT,pca,128,logreg,0.9905882352941177,0.9839844039817471
2,mobilenet_v3_small,EplusT,pca,128,knn,0.9827450980392157,0.9659183031335429
