fold,backbone,feature,dr,k,clf,accuracy,macro_f1
4,resnet50,EplusT,lda,267,linearsvc,0.9929639401934917,0.9828373947776934
4,resnet50,EplusT,lda,267,logreg,0.9938434476693052,0.9903512739333634
4,resnet50,EplusT,lda,267,knn,0.9938434476693052,0.9903512739333634
