fold,backbone,feature,dr,k,clf,accuracy,macro_f1
4,mobilenet_v3_small,EplusT,lda,128,linearsvc,0.9956024626209323,0.9937417072091995
4,mobilenet_v3_small,EplusT,lda,128,logreg,0.9947229551451188,0.9917516574579556
4,mobilenet_v3_small,EplusT,lda,128,knn,0.9964819700967458,0.9942747562497113
