fold,backbone,feature,dr,k,clf,accuracy,macro_f1
1,resnet50,EplusT,rp,1,linearsvc,0.01660377358490566,0.0028792202516947966
1,resnet50,EplusT,rp,1,logreg,0.012830188679245283,0.00797178882837546
1,resnet50,EplusT,rp,1,knn,0.007547169811320755,0.00011156243379880187
