fold,backbone,feature,dr,k,clf,accuracy,macro_f1
4,resnet50,EplusT,pca,64,linearsvc,0.9841688654353562,0.9764335706899313
4,resnet50,EplusT,pca,64,logreg,0.9894459102902374,0.9843547816175884
4,resnet50,EplusT,pca,64,knn,0.9832893579595426,0.9728238317790557
