fold,backbone,feature,dr,k,clf,accuracy,macro_f1
2,resnet50,EplusT,pca,256,linearsvc,0.9827450980392157,0.9717621178245688
2,resnet50,EplusT,pca,256,logreg,0.9874509803921568,0.9772139730228543
2,resnet50,EplusT,pca,256,knn,0.9749019607843137,0.9609853864309528
