fold,backbone,feature,dr,k,clf,accuracy,macro_f1
4,efficientnet_b0,EplusT,lda,267,linearsvc,0.9912049252418645,0.9836394948335248
4,efficientnet_b0,EplusT,lda,267,logreg,0.9938434476693052,0.9894467058646165
4,efficientnet_b0,EplusT,lda,267,knn,0.9947229551451188,0.9914367556158601
