fold,backbone,feature,dr,k,clf,accuracy,macro_f1
2,resnet50,EplusT,lda,1,linearsvc,0.022745098039215685,0.006858389657406909
2,resnet50,EplusT,lda,1,logreg,0.050980392156862744,0.02612078820826115
2,resnet50,EplusT,lda,1,knn,0.007058823529411765,0.00010222647095102997
