fold,backbone,feature,dr,k,clf,accuracy,macro_f1
4,efficientnet_b0,EplusT,lda,16,linearsvc,0.9349164467897977,0.8993976404533912
4,efficientnet_b0,EplusT,lda,16,logreg,0.9753737906772207,0.9587462262347319
4,efficientnet_b0,EplusT,lda,16,knn,0.9815303430079155,0.9629412952618905
