fold,backbone,feature,dr,k,clf,accuracy,macro_f1
4,efficientnet_b0,EplusT,lda,64,linearsvc,0.9850483729111698,0.972506818266834
4,efficientnet_b0,EplusT,lda,64,logreg,0.9920844327176781,0.990150558396827
4,efficientnet_b0,EplusT,lda,64,knn,0.9912049252418645,0.9913101160862356
