fold,backbone,feature,dr,k,clf,accuracy,macro_f1
3,resnet50,EplusT,pca,1,linearsvc,0.02023608768971332,0.004867034460054975
3,resnet50,EplusT,pca,1,logreg,0.03372681281618887,0.025899673441376687
3,resnet50,EplusT,pca,1,knn,0.007588532883642495,0.00011974290040480827
