fold,backbone,feature,dr,k,clf,accuracy,macro_f1
2,efficientnet_b0,EplusT,lda,267,linearsvc,0.9905882352941177,0.9845905902650047
2,efficientnet_b0,EplusT,lda,267,logreg,0.9921568627450981,0.9866524266875452
2,efficientnet_b0,EplusT,lda,267,knn,0.9929411764705882,0.986578740496651
