fold,backbone,feature,dr,k,clf,accuracy,macro_f1
1,resnet50,EplusT,pca,1,linearsvc,0.019622641509433963,0.004838008879020137
1,resnet50,EplusT,pca,1,logreg,0.02339622641509434,0.01415306978085273
1,resnet50,EplusT,pca,1,knn,0.012830188679245283,0.00019263269508928906
