fold,backbone,feature,dr,k,clf,accuracy,macro_f1
4,mobilenet_v3_small,EplusT,pca,32,linearsvc,0.9868073878627969,0.9793079862571797
4,mobilenet_v3_small,EplusT,pca,32,logreg,0.9912049252418645,0.9888007672167368
4,mobilenet_v3_small,EplusT,pca,32,knn,0.9850483729111698,0.977572007135336
