fold,backbone,feature,dr,k,clf,accuracy,macro_f1
4,mobilenet_v3_small,EplusT,pca,128,linearsvc,0.9920844327176781,0.9877360213527674
4,mobilenet_v3_small,EplusT,pca,128,logreg,0.9956024626209323,0.9958146757000783
4,mobilenet_v3_small,EplusT,pca,128,knn,0.990325417766051,0.9830494972632583
