fold,backbone,feature,dr,k,clf,accuracy,macro_f1
1,mobilenet_v3_small,EplusT,pca,128,linearsvc,0.990188679245283,0.9857455806314455
1,mobilenet_v3_small,EplusT,pca,128,logreg,0.9909433962264151,0.9846745708686007
1,mobilenet_v3_small,EplusT,pca,128,knn,0.9841509433962264,0.97491879249247
