fold,backbone,feature,dr,k,clf,accuracy,macro_f1
1,mobilenet_v3_small,EplusT,lda,32,linearsvc,0.9818867924528302,0.9752325384425434
1,mobilenet_v3_small,EplusT,lda,32,logreg,0.9924528301886792,0.9907529452305571
1,mobilenet_v3_small,EplusT,lda,32,knn,0.9894339622641509,0.9836196523647427
