fold,backbone,feature,dr,k,clf,accuracy,macro_f1
4,resnet50,EplusT,pca,1,linearsvc,0.014951627088830254,0.0029534529479747665
4,resnet50,EplusT,pca,1,logreg,0.029023746701846966,0.017148962433202995
4,resnet50,EplusT,pca,1,knn,0.007036059806508356,0.00010143892416775282
