fold,backbone,feature,dr,k,clf,accuracy,macro_f1
3,resnet50,EplusT,rp,1,linearsvc,0.01433389544688027,0.003280856086886419
3,resnet50,EplusT,rp,1,logreg,0.008431703204047217,0.006042616051395683
3,resnet50,EplusT,rp,1,knn,0.0042158516020236085,6.0764749231212156e-05
