fold,backbone,feature,dr,k,clf,accuracy,macro_f1
3,resnet50,EplusT,lda,64,linearsvc,0.9586846543001686,0.936564269809112
3,resnet50,EplusT,lda,64,logreg,0.9839797639123102,0.9744757342580919
3,resnet50,EplusT,lda,64,knn,0.9856661045531198,0.9776559118017462
