fold,backbone,feature,dr,k,clf,accuracy,macro_f1
2,resnet50,EplusT,pca,128,linearsvc,0.9796078431372549,0.9623368203542987
2,resnet50,EplusT,pca,128,logreg,0.9835294117647059,0.9749858172943405
2,resnet50,EplusT,pca,128,knn,0.9749019607843137,0.9579743018175855
