fold,backbone,feature,dr,k,clf,accuracy,macro_f1
1,resnet50,EplusT,lda,1,linearsvc,0.021132075471698115,0.005505166475315728
1,resnet50,EplusT,lda,1,logreg,0.06566037735849056,0.03201172249957379
1,resnet50,EplusT,lda,1,knn,0.012075471698113207,0.00019579610872487874
