fold,backbone,feature,dr,k,clf,accuracy,macro_f1
3,efficientnet_b0,EplusT,pca,8,linearsvc,0.7082630691399663,0.6529886486776764
3,efficientnet_b0,EplusT,pca,8,logreg,0.8338954468802698,0.7975189270176737
3,efficientnet_b0,EplusT,pca,8,knn,0.8465430016863407,0.7982061086416083
