fold,backbone,feature,dr,k,clf,accuracy,macro_f1
4,mobilenet_v3_small,EplusT,rp,8,linearsvc,0.49340369393139843,0.44019146074648363
4,mobilenet_v3_small,EplusT,rp,8,logreg,0.5866314863676341,0.5396589004473746
4,mobilenet_v3_small,EplusT,rp,8,knn,0.6094986807387863,0.5591613410169044
