fold,backbone,feature,dr,k,clf,accuracy,macro_f1
2,mobilenet_v3_small,EplusT,lda,1,linearsvc,0.0196078431372549,0.0032511099097521823
2,mobilenet_v3_small,EplusT,lda,1,logreg,0.04941176470588235,0.03192898792048434
2,mobilenet_v3_small,EplusT,lda,1,knn,0.005490196078431373,8.371909780360484e-05
